Strain,Mutation
ah19S2,parC p.T57S
ahs150,parC p.T57S
ahs53,parC p.T57S
ahs54,parC p.T57S
ahs55,parC p.T57S
gd19S120,parC p.T57S
gd19S124,parC p.T57S
gd19S176,parC p.T57S
gd19S184,parC p.T57S
gd19S195,parC p.T57S
gd19S203,parC p.T57S
gd19S222,parC p.T57S
gd19S246,parC p.T57S
gd19S342,parC p.T57S
gd19S74,parC p.T57S
gd19S87,parC p.T57S
gdS207,parC p.T57S
gdS208,parC p.T57S
gdS316,parC p.T57S
gdS337,parC p.T57S
gdS729,parC p.T57S
gdS730,parC p.T57S
gs19S33,parC p.T57S
gx19S104,parC p.T57S
gx19S144,parC p.T57S
gx19S177,parC p.T57S
gx19S216,parC p.T57S
gx19S226,parC p.T57S
gx19S230,parC p.T57S
gx19S75,parC p.T57S
gx19S81,parC p.T57S
gx19S84,parC p.T57S
gxS105,parC p.T57S
gxS363,parC p.T57S
gxS382,parC p.T57S
gxS47,parC p.T57S
gxS61,parC p.T57S
gxS70,parC p.T57S
gxS91,parC p.T57S
gxS92,parC p.T57S
gzS46,parC p.T57S
ha19S19,parC p.T57S
ha19S81,parC p.T57S
ha19S99,parC p.T57S
haS116,parC p.T57S
haS117,parC p.T57S
haS118,parC p.T57S
haS188,parC p.T57S
hb19S247,parC p.T57S
hb19S250,parC p.T57S
hbS115,parC p.T57S
hnS227,parC p.T57S
js19S173,parC p.T57S
js19S192,parC p.T57S
js19S281,parC p.T57S
js19S291,parC p.T57S
jsS8,parC p.T57S
jx16s40,parC p.T57S
jx19S116,parC p.T57S
scS136,parC p.T57S
scS197,parC p.T57S
sdS58,parC p.T57S
sx19S69,parC p.T57S
zj19S193,parC p.T57S
zj19S197,parC p.T57S
zjS160,parC p.T57S
zjS163,parC p.T57S
zjS179,parC p.T57S
zjS237,parC p.T57S
zjS71,parC p.T57S
